082557623055,"1 EA","PETITE RED PRESS & GO NAIL"
021200646904,,GEL
075063010228,"2 CT","PO SILICONE STICK ON NOSE PADS"
030734050682,,DIFFUSER
080006005469,EACH,"HEALTHOMETER BLACK MRBL SCALE"
096309020719,,BOX
020616166396,"1 EA","MINI SHOTS"
072796990100,"12 Oz","IBC Cream Soda"
050100006068,16OZ,"Armour Hot Dogs Stars Jumbo Beef"
092001566234,$1.95,"AMBASSADOR SEASONAL CARD"
064144282258,,"Rotel Mexican Festival"
724384775322,,"Stigmata (Soundtrack)"
722242210473,,"Advanced Dungeons & Dragons Pool of Radiance"
050051517231,EA,"LIP SMACKER - NON BLISTERED"
020972209157,EACH,"OTB TSI BBQ TOOLS IN DSP 35442"
042000719100,"20 CT","DIX PARTY CUP ASST 16 OZ"
010939099518,12.0Z,"VS MILK OF MAGNESIA"
059298212602,,"The Photo Book, Holds 96 photos"
703999000418,,"PURELY COTTON 12"
098787003420,,"Nirvana - ""Bleach"""
045000005631,"5.25 oz","3pk Scary Cake"
047246741335,"1 EA","ASST NFL COLLECT FIGURES"
070609947501,"1 EA","ESSEX COUNTY"
999674491231,,"ESTATE ASST. COLORS"
037842001988,"7.5 Z","HUMMUS TRAD FLAVOR"
043194900077,EACH,"SCUNCI TORT BARRETT"
010158084043,"5.3 Oz","Sensodyne Toothpaste Extra Whitening W/Fluoride Maximum Strength"
043306452357,EACH,"CLASSIC WASH CLOTH WHITE"
046500100857,"3 CT","GLADE 3PK CNDL BAYBERRY"
073621090026,EACH,"PEZ Candy Dispenser"
011160004982,"24 CT","GU ICE CREAM REG CAKE CUPS"
011160046999,"8 OZ","GU LF FRUIT ON BOTT STRA/BA"
077802169143,"1 CT","ASSORTED FACE"
614156000908,,"UNC RAY'S CHIPS"
701240008954,EACH,"PAPERBACK BOOK"
039915652639,,"RUSS DUCK CASO"
071183205926,9.OZ,"GROFFS SKINNIES PRETZELS"
011170017200,"2 LB","LL GRANULATED SUGAR"
071670820038,"6/12 OZ","SARANAC BLACK & TAN BEER"
011319209305,,"PROPANE LANTERN-DOUBLE MANTLE"
038472359050,,SPENCO
011200026660,"26 OZ","WEAVER BTR DP THIGH NDRUM"
007099233098,,IOWA
641533011585,"1.75 oz","CarboLite Choc/Peanut Butter Bar"
088100134573,"375 ml","BLACK VELVET"
033500129049,EACH,"CHILDREN BOOKS"
041711003003,"8 OZ","HERK CHUTTER ORIGINAL"
778020178022,,"W -W LIP POTS"
796608000084,,"3LB CHIEFTAIN"
074162666633,"5 OZ","MARY SUE FAM JR VANILLA"
098787024425,,"""I, Swinger"" music CD by Combustible Edison"
011160027707,14.5Z,"GU N/S CUT GREEN BEANS 24PK"
066613193065,,"KIPPER SNACKS"
039915210914,,"JUNGLE PET"
074496912215,EACH,"KL-VU 35MM REFILL 12 CT"
025405427375,,"APPLE CANISTER"
032609032502,"16 OZ","MOUNTAIN FARM SHRD MOZZ"
073525118529,,"MILLENNIUM HORNS"
073650154058,,"DK BLUE THRD"
746221744186,EACH,"HOLIDAY EASTER D"
037102184604,,10OZ.MUSHROOM
071698015027,1.5LR,"ADIR CLEAR N NAT MT LOG BER"
070989381148,,"BATHROOM TRENDS"
009100381460,,"Fram oil filter"
035853627036,"3 LB","BIG JOSH'S SWEET SAUSAGE"
094681000053,,"GOLDLF LIP BRUSH"
070077001132,,"TIAPAN ENTRE"
722335005269,"36 IN","OTB SNBM SQUARE GLASS TABLE"
057000002787,24oz/680g,"Heinz, Mixed Cereal"
027700090025,"37 OZ","Mrs. Smith's Pie Dutch Apple Crumb"
040293115487,,"5-pack of 47k-Ohm Resistors, 1/4 watt, 5% tolerance"
083865004086,"1 EA","KKC SEASCAPE CRACK C"
009200098558,EACH,"GREETING CARD"
788875900235,,"portable fold keyboard for pda"
073913045567,"28 CT","WLHLD PONYTAILER PASTEL BRAID"
016000916203,"425 g","Cheerios - Middle Eastern Packaging in English and Arabic"
754807130018,"10 OZ","AC PIE SHELLS"
045544565530,,PM492140
051596020651,EACH,"16OZ BOWL 4PK"
078814027759,"1 EA","PRICE STERN SLOAN $3.50"
070227600512,"12 OZ","STREITS PRESERVE BLUEBRRY"
027616626998,DVD,"The Black Stallion"
735350004209,,"SF CREME WAFERS"
073566002054,14Z,"EL SOMBRERO FLOUR TORTILLAS"
018643871628,"10 CT","TUBULAR HANGER BLACK"
394441223365,"50CT CAPS","SVN NON ASPIRIN SLP AID EX STR"
015900122554,"1 LB","BAR S JUMBO CHIC FRANKS"
725140605129,"1 EA","DLX SCARECROW ASST. CSC10"
754807617373,"100 CT","*AM CH COATED 9IN PLATE"
350486084101,,"ASSESS METER"
050700292915,"7  OZ","PARADE COMBO PIZZA"
096895503030,VHS,Midway
076440815870,EACH,"BAKE PAN CBLT 3 QT"
029555783367,"1 EA","RANGERS JERSEY BIBS"
059300005635,,"Cigarettes, DuMaurier Light, 25 pack"
056789012505,EACH,"HARDCOVER BOOKS 12.50"
071166008032,8Z,"SVENHARD BR CLAW 4 PK"
071159001316,"1.7 Z","CORNUTS SOUR CREAM"
800828221515,,"2steps2nowhere - Monotonous Sunday"
012547092066,"30 PC","OTB SCHICK PROTECTOR FLR DISPL"
