EXECUTIVE LEGAL SECRETARY,C
SUPERINTENDENT'S CHIEF OF STAFF,AB
DIR OF EPIDEMIOLOGY,A
FILTRATION ENGINEER II,C
SECRETARY OF COMMITTEE ON FINANCE,C
ASST DIRECTOR OF CHILDREN SERVICES,A
MOBILE UNIT OPERATOR,C
FOREMAN OF LABORERS,A
CRIMINAL HISTORY ANALYST,A
ASPHALT SMOOTHER,A
SAFETY ADMINISTRATOR,A
PSYCHOLOGIST,A
TRAINING TECHNICIAN II,C
CHIEF OPERATING ENGINEER,A
PUBLIC RELATIONS REPRESENTATIVE III,A
FILTRATION ENGINEER IV,A
LEASING AGENT II,A
BOILER INSPECTOR,A
PROJECT MANAGER,A
COURT FILE CLERK,C
SUPVSR OF CUSTOMER ACCOUNTS,A
ASSOCIATE COMPLIANCE OFFICER,C
PRINTER,C
STOCKHANDLER,C
FIRST DEPUTY CHIEF OF STAFF,AB
SUPVSR OF PERSONNEL SERVICES,A
CAPTAIN-EMT,AB
EQUIPMENT TRAINING SPECIALIST / MTD,A
SENIOR VIDEOGRAPHER,C
HR GENERALIST - DHR,C
GIS ANALYST,C
STATION MANAGER,A
COORD OF RESEARCH AND EVALUATION,A
PUBLIC HEALTH NUTRITIONIST II,C
DIR OF PROGRAM OPERATIONS,A
AVIATION SECURITY OFFICER,C
EEO INVESTIGATOR I,C
SUPERVISING PHOTOGRAPHIC TECHNICIAN,C
MANAGING DEPUTY BUDGET DIRECTOR,A
WINDOW WASHER,C
COORD OF HUMAN RELATIONS,A
ACCIDENT ADJUSTER,C
CHIEF CONTRACT EXPEDITER,C
SENIOR DATA ENTRY OPERATOR,C
CHIEF MICROBIOLOGIST,A
DIR OF ADMINISTRATIVE HEARINGS,AB
SUPVSR OF PAYROLLS,C
CAPTAIN-PARAMEDIC,AB
CLINICAL THERAPIST III,A
SUPERVISING TIMEKEEPER - LABORER,C
PUBLIC HEALTH ADMINISTRATOR III,A
TRAINING AGENT I - PER AGREEMENT,A
DIR OF INTERGOVERNMENTAL AFFAIRS,AB
FOREMAN OF PIPE / SALVAGE YARDS,A
LEAD PRESSMAN,C
DIR OF PLANNING RESEARCH AND DEVELOPMENT,A
CHIEF ADMINISTRATIVE OFFICER,AB
MANAGER OF WAREHOUSE OPERATIONS,A
DEPUTY PROCUREMENT OFFICER,A
SECRETARY TO CHAIRMAN I,C
ASST ADMINISTRATIVE SECRETARY I,C
PUBLIC HEALTH NUTRITIONIST III,C
SPRINKLER FITTER,A
ASST CORPORATION COUNSEL,C
HOISTING ENGINEER,A
MANAGER OF AUDITING,A
LIBRARY CLERK - HOURLY,C
DIR OF PURCHASE CONTRACT ADMINISTRATION,A
PUBLIC VEHICLE INSPECTOR,C
CHIEF ZONING PLAN EXAMINER,A
WEIGHMASTER,C
CAPTAIN,AB
ASST TO THE COMMISSIONER,A
SANITATION LABORER,C
POLICE FORENSIC INVESTIGATOR I,A
SECRETARY TO PRESIDENT PRO-TEM,C
CONSTRUCTION COORD,A
PSYCHIATRIST,AB
SENIOR HEARING OFFICER,C
CROSSING GUARD,C
PARAMEDIC FIELD CHIEF,AB
COMMUNICABLE DISEASE CONTROL INVESTIGATOR II,C
COMMISSIONER OF FAMILY AND SUPPORT SERVICES,AB
TELECOMMUNICATIONS SPECIALIST,A
WARRANTY CLERK,C
CHIEF INVESTIGATOR (IG),A
HEALTH CODE ENFORCEMENT INSPECTION ANALYST,A
STREET LIGHT REPAIR WORKER,A
MASON INSPECTOR,A
BUDGET ANALYST,C
BOOTER - PARKING,C
ASST ADMINISTRATIVE SECRETARY III,A
TRAINING DIRECTOR,C
SUPERVISING REHABILITATION CONSTRUCTION SPECIALIST,C
MEDICAL X-RAY TECHNOLOGIST,C
EXECUTIVE SECRETARY II-ELECTIONS,C
ANIMAL CARE AIDE I,C
MACHINIST - APPRENTICE,C
COMMISSIONER OF FLEET & FACILITY MANAGEMENT,AB
ASST SPECIALIST IN AGING,C
FIELD ANALYST,C
DEPUTY MANAGING EDITOR COUNCIL JOURNAL,A
PAINTER,A
STATION LABORER,C
GENERAL FOREMAN OF CARPENTERS,A
DISTRICT CHIEF,AB
FOREMAN OF MOTOR TRUCK DRIVERS,A
CHIEF PROCUREMENT OFFICER,AB
CULTURAL AFFAIRS COORD II,C
SUPERVISING TRAFFIC CONTROL AIDE,C
STOCKHANDLER (PER AGREEMENT),C
SENIOR OPERATIONS ANALYST,A
ADMINISTRATIVE DEPUTY,AB
CLERK - BD OF ELECTIONS,C
SUPVR OF MAILROOM OPERATIONS,C
COMMISSIONER OF BUILDINGS,AB
ECONOMIC DEVELOPMENT COORD,A
SANITATION CLERK,C
INFORMATION SERVICES COORD,A
SUPERVISING PROGRAM AUDITOR,A
ELEVATOR INSPECTOR,A
BATTALION CHIEF - EMT,AB
DIR OF COLLECTION PROCESSING,A
DEPUTY DIR,A
ASST DIR OF CONSERVATION INSPECTIONS,A
TRAFFIC ENGINEER IV,A
CHIEF INFORMATION OFFICER,AB
COORD OF MAINTENANCE REPAIRS,C
DIR OF CAPS,AB
SENIOR PRODUCER/WRITER,C
WATER METER ASSESSOR,A
AUDIO-VISUAL SPECIALIST,C
CHIEF METHODS ANALYST,C
SHEET METAL WORKER,A
GENERAL FOREMAN OF PLUMBERS,A
LAW LIBRARY TECHNICAL ASST,C
MECHANICAL ENGINEER V,A
A/MGR OF MIS-ELECTIONS,A
COORD OF COMMUNITY SERVICES,A
FINANCE OFFICER,A
CASE ANALYST - LAW,A
MANAGER OF FAMIILY SUPPORT PROGRAMS,A
PROJECT MANAGER - DOIT,A
SUPVSR OF INVENTORY CONTROL I,C
AIRPORT OPERATIONS SUPVSR I,C
SUPVSR OF DATA ENTRY OPERATORS,C
DIRECTOR OF LEGAL SERVICES,AB
EXECUTIVE ASST,A
ELECTION EQUIPMENT & SUPPLY SPEC III,C
SENIOR RISK ANALYST,A
BATTALION CHIEF-PARAMEDIC,AB
CERTIFIED MEDICAL ASST,C
FORENSIC AUDIT INVESTIGATOR,C
SENIOR POLICY ANALYST,A
PROJECT MANAGER - BUILDINGS,A
MANAGER OF PARKING,A
STUDIO EQUIPMENT MANAGER,A
ADMINISTRATIVE ASST II - EXCLUDED,C
PERSONAL ASSISTANT,C
FIRE COMMISSIONER,AB
CONTRACTS COMPLIANCE COORD,A
CONTRACTS COORD,A
EMPLOYEE COMPENSATION TECHNICIAN III,C
FIELD SUPVSR,A
COORD OF ECON DEV I - PLNG & DEV,C
ASST PROGRAM DIR,C
SR INFORMATION ANALYST-IGO,C
MARINE ENGINEER,A
REPROGRAPHICS COORD,C
PRINCIPAL COMPUTER CONSOLE OPERATOR,C
ASST MANAGER OF ADMINISTRATIVE ADJUDICATION,A
DIR OF HUMAN RIGHTS COMPLIANCE,A
CONSTRUCTION EQUIPMENT INSPECTOR,A
ADMINISTRATIVE STAFF INVESTIGATOR,C
FOREMAN OF STREET LIGHT REPAIRMEN,A
PROJECTS ADMINISTRATOR,A
PROOFREADER - CITY CLERK,C
PUBLIC RELATIONS COORD,A
ENVIRONMENTAL ENGINEER III,A
SUPERVISING SANITARIAN,A
MANAGER-O'HARE MAINTENANCE CONTROL CENTER,A
DIR OF ENVIRONMENTAL INSPECTIONS,A
SENIOR PUBLIC INFORMATION OFFICER,A
GENERAL FOREMAN OF GENERAL TRADES,A
DISPATCHER - ASPHALT,A
SUPVSR OF CONTRACTS,A
CONSUMER INVESTIGATOR II,A
SENIOR LANDSCAPE ARCHITECT,A
EXEC ADMINISTRATIVE ASST II,C
FIRE COMMUNICATIONS OPERATOR I,C
REGIONAL LIBRARY DIRECTOR,A
LEGISLATIVE BUDGET ANALYST,C
ACCOUNTANT III,A
SENIOR COMPANION,C
POLICE COMMUNICATIONS OPERATOR II,C
SHIFT SUPVSR OF SECURITY COMMUNICATIONS CENTER,C
GENERAL FOREMAN OF HOISTING ENGINEERS,A
FOREMAN OF TRAFFIC SIGNAL REPAIRMEN,A
PRINCIPAL PROGRAMMER/ANALYST,A
EQUIPMENT RENTAL COORD,C
AMBULANCE COMMANDER,A
COORD OF WAREHOUSE OPERATIONS,C
SENIOR LAND DISPOSITION OFFICER,A
SENIOR PROGRAMMER/ANALYST,A
ASST CHIEF ENGINEER OF SEWERS,A
DEPUTY DIR OF ADMINISTRATIVE ADJUDICATION,AB
LIBRARY ASSOCIATE - HOURLY,C
MACHINIST (AUTOMOTIVE),A
DIR OF PERSONNEL POLICIES AND UTILIZATION,A
ASST SERGEANT AT ARMS,C
AIRPORT OPERATIONS SUPVSR II,A
DIR OF LIBRARY PERSONNEL,A
UNIT ASST,C
PROPERTY CUSTODIAN,C
POLICE COMMUNICATIONS OPERATOR I,C
FIELD SERVICES DIR,A
EPIDEMIOLOGIST IV,A
COMMUNITY ORGANIZER-CAPS,C
DEPUTY PRESS SECRETARY,AB
DEPUTY CITY CLERK,A
ASST SUPVSR OF POLICE RECORDS,A
MANAGER OF FINANCE,A
PROGRAMMER/ANALYST,A
ADMINISTRATIVE ASST - OFFICE ADMINISTRATOR,A
CRIMES SURVEILLANCE SPECIALIST,C
PARKING ENFORCEMENT AIDE,C
MANAGER - ZONING BD OF APPEALS,A
WATCHMAN,C
EPIDEMIOLOGIST II,A
DEPUTY CHIEF OF STAFF,AB
FIREFIGHTER (PER ARBITRATORS AWARD),A
DIR OF MAINTENANCE OPERATIONS,A
INVESTIGATOR - IPRA II,A
SR LABOR RELATIONS SPECIALIST,A
CROSSING GUARD COORD,C
SUPERVISING COOLING PLANT INSPECTOR,A
CHIEF OF HIRING OVERSIGHT,A
HOISTING ENGINEER - MECHANIC,A
MANAGER OF LABORATORY SERVICES,C
ZONING ADMINISTRATOR,AB
DIR OF SECURITY,A
FIRE ENGINEER,A
ASST BENEFITS MANAGER,A
PARAMEDIC,C
CONSUMER INVESTIGATOR I,C
PERSONAL COMPUTER OPERATOR III,C
LIEUTENANT-EMT (ASSIGNED AS TRAINING INSTRUCTOR),AB
SENIOR LEGAL INVESTIGATOR,C
POLICE LEGAL OFFICER I,A
HEALTH AND SAFETY ANALYST,C
ALDERMANIC AIDE,C
STAFF ASSISTANT - EXCLUDED,C
COORDINATING ENGINEER II,A
DETENTION AIDE,C
STATIONARY FIREMAN,C
FIREFIGHTER (PER ARBITRATORS AWARD)-PARAMEDIC,A
ENVIRONMENTAL ENGINEER I,A
ADMINISTRATIVE SUPVSR,C
ANIMAL CARE AIDE II,C
DIR OF FIELD OPERATIONS,A
FOREMAN OF SIGN SHOP,A
ADMINISTRATIVE ASST II,C
DEPUTY CITY TREASURER,A
CHIEF AUTO POUND SUPVSR,A
LIBRARY CLERK,C
SUPERINTENDENT OF POLICE,AB
CIVIL ENGINEER III,A
MANAGER OF AUDIT AND FINANCE,A
CRIMINALIST III,A
POLICE OFFICER (ASSIGNED AS DETECTIVE),A
GEN SUPT OF WATER MANAGEMENT,A
A/MGR WAREHOUSE-ELECTIONS,C
ANALYST - IDT,C
WATER QUALITY MANAGER,A
COMMISSIONER OF HUMAN RESOURCES,AB
SENIOR TELECOMMUNICATIONS SPECIALIST,A
CHIEF BOILER INSPECTOR,A
EMERGENCY CREW DISPATCHER,A
PUBLIC INFORMATION OFFICER,A
CERTIFICATION - COMPLIANCE OFFICER,C
DISPATCH CLERK I/C,C
GLAZIER,A
REVENUE INVESTIGATOR II,A
ELECTRICAL INSPECTOR,A
INVESTIGATOR - IPRA III,A
COMPUTER APPL ANALYST I-ELECTIONS,C
POLICE OFFICER (ASGND AS MARINE OFFICER),A
SUPVSR OF TAX AND LICENSE COMPLIANCE,A
FOREMAN OF CARPENTERS,A
ACCOUNTANT IV,A
SUPPORT SERVICES COORD,C
HOUSE DRAIN INSPECTOR,A
FOREMAN OF ARCHITECTURAL IRON WORKERS,A
CONSTRUCTION LABORER (SUB-FOREMAN),A
REPROGRAPHICS TECHNICIAN III,C
CHIEF LANDSCAPE ARCHITECT,A
REPROGRAPHICS TECHNICIAN IV,C
DIR OF NEWS AFFAIRS,A
CREATIVE DIR,A
DEPUTY CHIEF ADMINISTRATOR,AB
FIRE COMMUNICATIONS OPERATOR II,A
POLICE OFFICER/EXPLSV DETECT K9 HNDLR,A
LIBRARIAN III,A
RESIDENT SERVICES COORD II,C
COORDINATING ENGINEER I,A
PAYMENT RECONCILER,C
MGR OF EMERGENCY MANAGEMENT SERVICES,A
RECRUITER,A
CENTRAL VOUCHER COORDINATOR,C
DISTRICT SUPVSR - GRAFFITI REMOVAL SERVICES,A
FOSTER GRANDPARENT,C
DEPUTY CHIEF OF EMPLOYEE RELATIONS,AB
SR DATA BASE ANALYST - PER AGRMT,A
MANAGER OF SECURITY COMMUNICATIONS CENTER,A
BRIDGE OPERATOR,C
ASST TO THE CITY TREASURER,C
ASST DIR OF INFORMATION SYSTEMS,A
CHIEF VOUCHER EXPEDITER,A
ASST CHIEF OPERATING ENGINEER,A
CITY TREASURER,AB
HELICOPTER MECHANIC,A
SUPERVISING ENVIRONMENTAL INSPECTOR,A
ELDER PROTECTIVE INVESTIGATOR III,A
EMPLOYABILITY REVIEW SPECIALIST III,A
FOREMAN OF WATER PIPE CONSTRUCTION,A
SR CERTIFICATION / COMPLIANCE OFFICER,C
BUDGET DIR,AB
ELDER PROTECTIVE INVESTIGATOR I,C
PRINCIPAL PHOTOGRAPHER,C
ADMINISTRATIVE ASST,C
SPECIALIST IN AGING I,C
PLUMBING INSPECTOR I/C,A
DISABILITY OFFICER,A
SENIOR COMPUTER CONSOLE OPERATOR,C
DEPUTY COMMISSIONER,A
CHIEF FINANCIAL OFFICER,AB
SUPERVISING FIRE COMMUNICATIONS OPERATOR,A
CIVIL ENGINEER V,A
COORDINATING FIRE COMMUNICATIONS OPERATOR,A
ATTORNEY,A
PROGRAM DIRECTOR SPECIAL EVENTS,A
CAULKER,A
COORD OF SECURITY SERVICES,C
COMMISSIONER OF TRANSPORTATION,AB
ASST DIR OF NEWS AFFAIRS,C
ASST ADMINISTRATIVE SECRETARY II,C
GENERAL SUPT OF STREETS AND SANITATION,A
POLICY ANALYST,C
MICROBIOLOGIST II,C
MICROBIOLOGIST IV,A
COMMITTEE SECRETARY,C
CITY COMPTROLLER,AB
SENIOR HELP DESK TECHNICIAN,A
SUPERVISING INVESTIGATOR,A
FIREFIGHTER-EMT (RECRUIT),C
ASST CHIEF HIGHWAY ENGINEER,A
PARALEGAL II - LABOR,C
COMMISSIONER OF CHICAGO PUBLIC LIBRARY,AB
SENIOR BUDGET ANALYST,A
ADMINISTRATIVE ASST III,C
SENIOR ZONING PLAN EXAMINER,C
DEPUTY FIRE COMMISSIONER,AB
CASE MANAGER ASST,C
DENTIST,A
GENERAL FOREMAN OF SHEET METAL WORKERS,A
SENIOR EMERGENCY MANAGEMENT COORD,C
AIRPORT MAINTENANCE FOREMAN,C
CHIEF PLANNING ANALYST,A
COORD OF ECONOMIC DEVELOPMENT,A
SUPERVISING POLICE COMMUNICATIONS OPERATOR,A
MANAGING DEPUTY COMMISSIONER,AB
FOREMAN OF CEMENT FINISHERS,A
PRINCIPAL OPERATIONS ANALYST,A
FOREMAN OF PAINTERS,A
PRINCIPAL BUDGET ANALYST,A
RISK MANAGER,A
COORD OF TUGBOAT OPERATIONS,A
ASST SUPT OF WATER METERS,A
TRAFFIC MAINTENANCE SUPVSR,A
WATER CONSERVATION ENGINEER,A
DIR OF LOAN PROCESSING,A
OUTREACH WORKER,C
FINGERPRINT TECHNICIAN III,A
ARCHITECT IV,A
FOREMAN OF BRIDGE AND STRUCTURAL IRON WORKERS,A
SPECIALIST IN AGING II,A
MOTOR TRUCK DRIVER - TIRE REPAIR,C
LOAN PROCESSING SPECIALIST,A
PROPERTY CUSTODIAN - AUTO POUND,C
GENERAL FOREMAN OF CONSTRUCTION LABORERS,A
LABORATORY TECHNICIAN III,C
MANAGER OF REVENUE COLLECTIONS,A
PROGRAM DIR,A
WATER CHEMIST III,A
ASST DIVISION SUPERINTENDENT,A
TELEVISION PRODUCTION SPEC,C
SUPERVISOR OF EMPLOYEE REFERRAL SERVICES,A
COORD OF STUDIO OPERATIONS,C
SR LEGAL PERSONAL COMPUTER OPERATOR,C
SENIOR STOREKEEPER,C
MICROBIOLOGIST III,A
GENERAL FOREMAN OF MACHINISTS,A
PERSONAL COMPUTER OPERATOR II,C
LINEMAN,A
WATER METER MACHINIST,A
PUBLIC HEALTH ADMINISTRATOR II,A
CHIEF OF STAFF,AB
GENERAL FOREMAN OF LINEMEN,A
GRANTS RESEARCH SPECIALIST,A
GENERAL MANAGER OF AIRPORT OPERATIONS,A
ANIMAL CONTROL INSPECTOR,C
DISTRICT MANAGER - HUMAN SERVICES,A
STORES LABORER,A
VOLUNTEER SERVICES COORD,C
CONCRETE LABORER,A
CLERK IV - TIMEKEEPER,C
ENGINEER OF WATER PUMPING,A
PRINCIPAL CLERK-ELECTIONS,C
PUBLIC HEALTH NURSE II,A
AUDITOR II,A
EPIDEMIOLOGIST III,A
DIR OF WORKERS COMPENSATION,A
DISABILITY SPECIALIST II,A
AIRPORT MANAGER - MIDWAY,A
SUPVSR OF FAMILY SUPPORT PROGRAMS,A
OCCUPATIONAL HEALTH NURSE,A
EQUIPMENT DISPATCHER,C
COMMANDER,AB
ADMINISTRATIVE SECRETARY,C
SUPERVISING AUDIO-VISION TESTER,C
ENGINEER OF WATER PURIFICATION,A
SUPERVISING TIMEKEEPER,C
FOREMAN OF PLUMBERS,A
SUPPORT SERVICES ASST,C
AUDITOR III,A
MGR OF GRAPHICS & REPRODUCTION CTR,A
DIR OF ADMINISTRATIVE SERVICES,A
AUDITOR IV,A
MOTOR TRUCK DRIVER,C
PUBLIC HEALTH NURSE IV,A
BRICKLAYER,A
COMPUTER APPL ANALYST II-ELECTIONS,A
EXECUTIVE DIR - BOARD OF ETHICS,AB
MANAGING DEPUTY COMPTROLLER,AB
DIR OF LABOR RELATIONS,A
HATE CRIME VICTIM ADVOCATE,A
TRAFFIC ENFORCEMENT TECH,C
ASPHALT FOREMAN,A
PROGRAM DIR - CULTURAL AFFAIRS,A
POLICE OFFICER(ASGND AS SUPVG LATENT PRINT EX),A
LIBRARIAN II,A
FOREMAN OF HOISTING ENGINEERS,A
DIR OF NUTRITION,A
DIR OF HUMAN SERVICES,A
COOLING PLANT INSPECTOR,A
REGIONAL COMMUNICABLE DISEASE INVESTIGATOR,A
COLLECTIONS REPRESENTATIVE,C
SANITARY ENGINEER III,A
DIRECTOR OF INTERNAL AUDIT,A
ASST CHIEF ELEVATOR INSPECTOR,A
ASST PROJECT DIR,A
SUPERVISING WATCHMAN,C
FOREMAN OF WINDOW WASHERS,C
FINANCIAL PLANNING ANALYST,A
SERGEANT,A
FIRST DEPUTY CHIEF INFORMATION OFFICER,AB
REGIONAL NUTRITION COORD,A
COMMISSIONER OF HEALTH,AB
PUBLIC HEALTH NURSE III,A
OFFSET PRESS OPERATOR,C
EQUAL EMPLOYMENT OPPORTUNITY OFFICER,A
SR PROGRAMMER/ANALYST PER AGRMNT,A
AUDITOR I,C
CHIEF FILTRATION ENGINEER,A
ASST DISTRICT MANAGER-HUMAN SERVICES,C
DIR OF PUBLIC AFFAIRS,A
SUPERVISING ARCHITECT,A
SECURITY SPECIALIST,C
POLICE OFFICER,A
BUSINESS CONSULTANT SUPERVISOR,A
SEWER BRICKLAYER,A
CUSTOMER ACCOUNT REPRESENTATIVE,C
FOREMAN OF SEWER BRICKLAYERS,A
NURSE PRACTITIONER,A
ENGINEERING TECHNICIAN VI,A
OFFICE ADMINISTRATOR,A
ELECTION EQUIPMENT & SUPPLY SPEC II,C
WEB DEVELOPER/ADMINTR-CPL,A
INQUIRY AIDE III,C
SUPVSR OF COST CONTROL,C
DATA SERVICES ADMINISTRATOR,A
DIR OF HUMAN RESOURCES,AB
COORDINATING ARCHITECT I,A
WARRANT AND EXTRADITION AIDE,A
CLAIMS INVESTIGATOR,C
PIPE LOCATING MACHINE OPERATOR,A
SUPERVISING BRIDGE OPERATOR,A
MANAGER OF COMPLIANCE ANALYSIS,A
CHIEF INVESTIGATOR,C
SENIOR CLERK-ELECTIONS,C
SERVICE COORD AIDE,C
MEDICAL DIR,AB
OPERATING ENGINEER-GROUP A,A
OPERATING ENGINEER-GROUP C,A
COORD OF AIR MASK SERVICES,AB
GENERAL FOREMAN OF LABORERS-CURB AND GUTTER,A
CHIEF AIRPORT OPERATIONS SUPVSR,A
REFUSE COLLECTION COORD,A
COMMUNICATIONS OPERATOR II - 311,C
FIRE MARSHAL-EMT,A
SUPVSR OF PUBLIC VEHICLE INSPECTORS,A
FIELD SERVICE SPECIALIST II,C
ASST GENERAL COUNSEL,AB
CHIEF DISPATCHER,A
SUPVSR OF LICENSE ISSUANCE,A
DIR OF POLICE RECORDS,A
A/SUPRV REDISTRICTING,C
FIRST DEPUTY PROCUREMENT OFFICER,AB
ENVIRONMENTAL INVESTIGATOR,A
ASSOCIATE GENERAL COUNSEL,A
POLICE OFFICER (ASSIGNED AS TRAFFIC SPECIALIST),A
WAREHOUSE SUPERVISOR-ELECTIONS,A
CHIEF CONSTRUCTION EQUIPMENT INSPECTOR,A
CHIEF LEASING AGENT,A
CLASSIFICATION & COMPENSATION ANALYST,A
DIR OF MARKETING,A
CHIEF LAW LIBRARIAN,A
ASST REGIONAL DIR - AGING,C
CONTRACTS NEGOTIATOR,A
TRAFFIC ENGINEER V,A
DEPUTY DISTRICT CHIEF,AB
PROGRAM ANALYST,A
MANAGER OF POLICE PAYROLLS,A
PUBLIC HEALTH NURSE I,A
GENERAL FOREMAN OF LABORERS,A
LOAD DISPATCHER,A
POLICE OFFICER (ASSIGNED AS CANINE HANDLER),A
INSPECTOR GENERAL,AB
SUPERVISING VENTILATION AND FURNACE INSPECTOR,A
CONSTRUCTION LABORER,A
COORD OF COMMUNITY SERVICES-CFD,AB
PROCUREMENT CONTROL OFFICER,C
INQUIRY AIDE I,C
PRINCIPAL REVENUE ANALYST,C
FIRST DEPUTY COMMISSIONER,AB
POLICE TECHNICIAN,A
AREA COORD - CAPS,A
ENGINEERING TECHNICIAN IV,A
ACCOUNTANT I,C
FOREMAN OF SHEET METAL WORKERS,A
FIREFIGHTER-EMT,A
ADMINISTRATIVE SERVICES OFFICER I,C
SPECIALIST IN AGING III,A
MANAGER OF TAX POLICY,A
ASST PROCUREMENT OFFICER,A
ELDERLY AIDE III HOURLY,C
ADMIN ASST II - LABORERS,C
SERVICE WRITER,C
FINGERPRINT TECHNICIAN II,C
FINGERPRINT TECHNICIAN IV,A
INDEX EDITOR,C
CHIEF OPERATIONS ANALYST,A
DIRECTOR OF LIBRARY TECHNOLOGY,AB
TRAINING OFFICER,A
PREPRESS TECHNICIAN,C
SENIOR STUDIO EQUIPMENT OPERATOR,C
FRM OF MACHINISTS - AUTOMOTIVE,A
LIEUTENANT-EMT,A
PROJECT DIR,A
MANAGER OF VEHICLE MAINTENANCE,A
COMMISSIONER OF STREETS AND SANITATION,AB
MANAGER-FLEET SERVICES & AUTO PROCUREMENT,A
DIR OF ENVIRONMENTAL SERVICES,A
1ST DEPUTY INSPECTOR GENERAL,AB
LAMP MAINTENANCE WORKER,C
SUPERVISING AIR MASK TECHNICIAN,A
DIR OF ADMINISTRATION II,A
CHIEF,AB
CHAIRPERSON - COMMISSION ON HUMAN RELATIONS,AB
CONTRACTS ADMINISTRATOR,A
SUPVSR OF FIELD VEHICLE INVESTIGATORS,A
WATER RATE TAKER,A
ENGINEER OF ELECTRIC PUMPING STATIONS,A
READER,C
FOREMAN OF BRICKLAYERS,A
LABORER - PARKING OPERATIONS,A
COORDINATOR SPECIAL PROJECTS/BLDG,A
TRAFFIC CONTROL AIDE,C
CLERK II,C
PROGRAM DEVELOPMENT COORD,C
LAW CLERK,C
COORDINATING PLANNER,A
GENERAL COUNSEL,AB
DISTRICT ASPHALT SUPVSR,A
CLERK IV,C
CITY PLANNER II,C
FOREMAN OF SEWER CLEANING,A
BRIDGE AND STRUCTURAL IRON WORKER,A
MANAGER OF VEHICLE ADJUSTMENTS,A
WATER QUALITY INSPECTOR I/C,C
SUPVSR OF GRANTS ADMINISTRATION,A
COMM MAYORS OFF PEOPLE W DISABILITIES,AB
EQUIPMENT SERVICES COORD,AB
CARPENTER,A
SPECIAL ASST,A
SENIOR SYSTEMS PROGRAMMER,A
AVIATION SAFETY DIR,C
POLICE OFFICER (ASSIGNED AS EVIDENCE TECHNICIAN),A
SECRETARY TO CITY CLERK,A
SUPERVISING INVESTIGATOR - IPRA,A
ASST COORD OF COLLECTION MANAGEMENT,A
LIBRARIAN IV,A
SENIOR PUBLIC VEHICLE INSPECTOR,A
CORPORATION COUNSEL,AB
FIRST DEPUTY FIRE COMMISSIONER,AB
BEHAVIORAL HEALTH ASSISTANT,C
LEGISLATIVE RESEARCH ANALYST,C
PROGRAM COORD - DISABILITY SERVICES,A
TESTING MANAGER,A
COORD-INVENTORY MGMT & PROPERY CONTROL,C
CITY PLANNER IV,A
SUPVSR OF ELECTRICAL INSPECTORS,A
SECRETARY TO THE CHAIRMAN,C
GARAGE ATTENDANT I/C,C
INVESTIGATOR,C
BENEFITS CLAIMS SUPVSR,A
DIR OF MENTAL HEALTH CENTER,A
EMERGENCY MANAGEMENT COMMUNICATIONS OFFICER,C
SUPERVISING VIDEOGRAPHER,C
ANIMAL CARE CLERK - HOURLY,C
PUBLIC RELATIONS REPRESENTATIVE I,C
TREE TRIMMER,C
CAPS COORDINATOR,A
COMMUNITY SERVICES REPRESENTATIVE,A
DIR OF ADMINISTRATION I,C
STAFF ASST TO THE ALDERMAN,C
CURATOR OF EXHIBITS,A
GENERAL SHOP FOREMAN,A
MANAGING EDITOR COUNCIL JOURNAL,A
PERSONAL COMPUTER OPERATOR I,C
FILTRATION ENGINEER V,A
PRESS AIDE II,C
CONTRACTS COORD - B OF E,A
COMMISSIONER OF HOUSING & ECONOMIC DEV,AB
ASST CHIEF AIRPORT OPERATIONS SUPVSR,A
PAYMENT SERVICES REPRESENTATIVE,C
TITLE V PROGRAM TRAINEE I,C
SUPERVISING ENGINEER,A
STRUCTURAL ENGINEER,A
LICENSING COORD,C
FIRST ASST CORPORATION COUNSEL,AB
FISCAL POLICY ANALYST,A
ASST CORPORATION COUNSEL SUPVSR,A
MACHINIST,A
ASST PRESS SECRETARY,A
DECK HAND,C
CHIEF LABOR NEGOTIATOR,AB
FINANCIAL OFFICER,A
AVIATION COMMUNICATIONS OPERATOR,C
SENIOR ENVIRONMENTAL INSPECTOR,C
CUSTODIAL WORKER,C
ASST SUPVSR OF DATA ENTRY OPERATORS,C
TRAFFIC SIGNAL REPAIRMAN,A
ASST CITY TREASURER,A
FINGERPRINT TECHNICIAN I,C
STUDENT INTERN - MAYOR'S FELLOWS,C
SUPERVISING DISEASE CONTROL INVESTIGATOR - EXCL,C
DIR OF CHILDREN SERVICES,A
SUPVSR OF PERSONNEL ADMINISTRATION,A
ADMINISTRATIVE SERVICES OFFICER II,A
FIREFIGHTER/PARAMEDIC,A
CLAIMS MANAGER,A
SUPERVISING DISEASE CONTROL INVESTIGATOR,A
LABORER - APPRENTICE,C
SUPVSR OF VOUCHER AUDITING,A
TESTING ADMINISTRATOR,C
VEHICLE REGISTRATION COORD,C
PRESS SECRETARY,AB
MECHANICAL ENGINEER IV,A
CUSTOMER SERVICES SUPVSR,C
GRAPHIC ARTIST III,C
LIBRARY PAGE,C
ASST TO THE ALDERMAN,C
AUTOMOTIVE PAINTER,A
DIVISION SUPERINTENDENT,A
SUPERVISING PARALEGAL,A
SUPERINTENDENT OF PAVEMENT REPAIRS,A
COORD OF FIRE AWARENESS,AB
AVIATION SECURITY OFFICER - HOURLY,C
SENIOR CITY FORESTER,A
HELP DESK TECHNICIAN,C
MGR OF FOOD PROTECTION SERVICES,A
ATTORNEY (IGO),C
SUPERVISING ZONING PLAN EXAMINER,A
CHIEF PERFORMANCE ANALYST,A
FIRE ENGINEER-EMT,A
ARCHIVAL SPECIALIST,C
CHIEF ASST INSPECTOR GENERAL,A
EDITORIAL ASST,C
WEB DEVELOPER,A
MANAGER OF QUALITY ASSURANCE,A
SANITARY ENGINEER II,C
MANAGING DEPUTY DIR,AB
DATA BASE ANALYST,C
DISTRICT CLERK - ASPHALT,C
ACCOUNTING TECHNICIAN I,C
FIELD SANITATION SPECIALIST,C
SUBPOENA OFFICER,A
SANITARY ENGINEER IV,A
ELECTRICAL MECHANIC,A
BLACKSMITH,A
PORTFOLIO MANAGER,C
HUMAN RELATIONS SPECIALIST II,A
LEGAL COUNSEL - BOARD OF ETHICS,A
LEGISLATIVE ASST,C
OPERATIONS MANAGER - ANIMAL CONTROL,C
EXECUTIVE SECRETARY I,C
SENIOR RESEARCH ANALYST,A
BUILDING/CONSTRUCTION INSPECTOR,A
DIR OF ACCOUNTING,A
FOREMAN OF ELECTRICAL MECHANICS,A
WEB AUTHOR,C
SENIOR AUTOMOTIVE EQUIPMENT ANALYST,A
CHIEF FIRE PREVENTION ENGINEER,A
FIELD SERVICE SPECIALIST III,A
LEGAL SECRETARY,C
ALDERMAN,A
DEPUTY INSPECTOR GENERAL,A
SENIOR PERSONNEL ASSISTANT,C
GRAPHIC ARTS SUPVSR,C
VENTILATION AND FURNACE INSPECTOR,A
ASST MANAGER OF AUDIT AND FINANCE,A
LIBRARY DIVISION CHIEF,A
CROSSING GUARD - PER AGREEMENT,C
DEVELOPMENT DIR,A
COMMANDING FIRE MARSHAL,AB
TRAINING & DEVELOPMENT ANALYST,A
REPROGRAPHICS TECHNICIAN I/C,C
DIR / COMMUNITY LIAISON,A
FOREMAN OF CONSTRUCTION LABORERS,A
GIS MANAGER,A
PARKING REVENUE SECURITY SUPVSR,A
PURCHASING MANAGER,A
CLERK CITY COUNCIL,C
PROGRAM COORD,C
COORD OF ECON DEV II - PLNG & DEV,A
SENIOR BUSINESS CONSULTANT,C
CHIEF REVENUE ANALYST,A
POOL MOTOR TRUCK DRIVER,C
DIR OF INFORMATION SYSTEMS,A
ASST TO THE EXEC DIR,A
DEPUTY CHIEF,AB
LABOR RELATIONS SUPVSR,C
SUPVSR OF LOT CLEANING SERVICES,A
CHIEF RESEARCH ANALYST,A
MANAGER OF AUDIT AND INTERNAL CONTROLS,A
DIR OF ENVIR HEALTH & SAFETY COMPLIANCE,A
VETERINARY ASST,C
PLUMBING INSPECTOR,A
FORESTRY SUPVSR,A
MARINE PILOT,A
ZONING INVESTIGATOR,A
EQUIPMENT DISPATCHER I/C,A
WARD SUPERINTENDENT,A
FIRE MARSHAL,A
PERFORMANCE ANALYST,C
AUDIO EQUIPMENT TECHNICIAN,C
DIRECTOR ELECTION INVESTIGATION/SECURITY,A
CHIEF WATER CHEMIST,A
PHOTOGRAPHER,C
AIRPORT MANAGER - O'HARE,A
DENTAL ASST,C
YOUTH SERVICES COORD,C
DISTRICT SUPERINTENDENT OF WATER DISTRIBUTION,A
TIMEKEEPER - CPD,C
DOMESTIC VIOLENCE ADVOCATE,C
PUBLIC HEALTH NURSE III - EXCLUDED,A
ASSOC CLASSIFICATION & COMP ANALYST,C
ASST DIR OF BUILDINGS MANAGEMENT,A
FIRE ENGINEER-PARAMEDIC,A
EXEC DIR EMERG MGMT & COMM,AB
EXECUTIVE DIR,AB
NEIGHBORHOOD HEALTH CENTER ADMINISTRATOR II,A
MECHANICAL ENGINEER III,A
POLICE AGENT,A
INVESTIGATOR II - IG,C
DIR OF MEDICAL X-RAY SERVICES,A
ENGINEERING TECHNICIAN III,C
CHIEF PLUMBING INSPECTOR,A
PARALEGAL II,C
CIVIL ENGINEER II,A
SUPERVISING PROPERTY CUSTODIAN,C
SUPVSR OF PAYMENT CENTER,A
PARAMEDIC I/C (ASSIGNED AS TRAINING INSTRUCTOR),A
LIEUTENANT-PARAMEDIC,A
MANAGER OF CERTIFICATION / COMPLIANCE,A
CIVIL ENGINEER IV,A
FIRST DEPUTY CHIEF ADMINISTRATOR,AB
HELP DESK SUPERVISOR - EXCLUDED,A
SUPT OF CONSTRUCTION AND MAINTENANCE,AB
DIR OF WATER PURIFICATION LABORATORIES,A
ASBESTOS WORKER,A
GENERAL FOREMAN OF PAINTERS,A
ASST INSPECTOR GENERAL,A
ARCHITECT III,A
INFORMATION COORD,C
IT DIRECTOR (DoIT),A
ASST MANAGING EDITOR COUNCIL JOURNAL,C
SUPVSR OF INFORMATION SERVICES,A
LEGISLATIVE AIDE,C
DEPUTY BUDGET DIR,A
INVESTIGATOR III - IG,A
CLERK III,C
HEAD STOREKEEPER,C
ASST COMMISSIONER,A
ARCHITECTURAL IRON WORKER,A
SUPERVISING BOILER INSPECTOR,A
POLICE CADET,C
SUPVSR OF ANIMAL CARE AIDES,C
DIR OF CONSERVATION INSPECTIONS,A
SUPVSR OF CHILDREN SERVICES PROGRAMS,C
DISPATCH CLERK,C
FIELD PAYROLL AUDITOR,C
FIRE PREVENTION ENGINEER,A
EXPLOSIVES TECHNICIAN I,A
FORENSIC DATA ANALYST,A
SPECIALIST IN AGING II HOURLY,C
FIELD VEHICLE INVESTIGATOR,C
PROGRAM AUDITOR III,A
COORD OF GRANTS MANAGEMENT,A
PUBLIC RELATIONS REPRESENTATIVE II,C
ASST TO THE DIRECTOR - IDT,C
COMMUNICATIONS OPERATIONS MANAGER,A
GARAGE ATTENDANT,C
OFFICE MANAGER WASHINGTON D.C.,A
FOREMAN OF CUSTODIAL WORKERS,C
REGIONAL DIR - AGING,A
FIRST DEPUTY SUPERINTENDENT,AB
FILTRATION ENGINEER III,A
NUTRITION TECHNICIAN,C
MANAGING ENGINEER - WATER MANAGEMENT,A
COMMISSIONER OF WATER MGMT,AB
FOREMAN OF MACHINISTS,A
DIR OF PROJECT DEVELOPMENT,A
DIR OF ATTY RECRUITMENT & PROF DEV,A
SCHEDULER,C
COMMISSIONER OF CULTURAL AFFAIRS/SPEC EVENTS,AB
SENIOR ARCHIVAL SPECIALIST,C
MAYOR,AB
GENERAL LABORER - DSS,C
REPROGRAPHICS TECHNICIAN II,C
SENIOR PHOTOGRAPHIC TECHNICIAN,C
SENIOR LIBRARY CLERK,C
A/MGR COM SVC-ELECTIONS,A
ASST PAYROLL ADMINISTRATOR,C
ADMINISTRATIVE MANAGER,A
PRESS AIDE I,C
PRINCIPAL DATA BASE ANALYST,A
SPECIAL EVENTS COORD III,C
RISK ANALYST,A
DIR OF MONITORING SERVICES,A
POLLING PLACE INVESTIGATOR II,C
BUSINESS CONSULTANT,C
DEPUTY CORPORATION COUNSEL,AB
MANAGER OF BUILDINGS SERVICES,A
SUPERVISING ENVIRONMENTAL ENGINEER,A
ASST TO THE DIR OF INTERGOVERNMENTAL AFFAIRS,A
CITY PLANNER V,C
COORD OF PAYMENT SERVICES,C
SENIOR PERFORMANCE ANALYST,C
FISCAL ADMINISTRATOR,A
ASST DIR OF PERSONNEL SERVICES,A
POLICE OFFICER(ASGND AS LATENT PRINT EX),A
SANITARIAN II,C
CHIEF HELICOPTER PILOT/EMT,AB
SIGN PAINTER,C
ASST TO THE DIRECTOR,C
DIR OF LICENSE ADMINISTRATION,A
PERSONAL CARE ATTENDANT II,C
ADMIN SERVICES OFFICER I-EXCLUDED,C
ASST TO THE MAYOR,A
SR SUPERVISOR-ELECTIONS,A
TECHNICAL TRAINING SPECIALIST,A
SUPERVISING CLERK,C
SUPVR REGISTRATION-ELECTIONS,C
FRM OF ELECTRICAL MECHANICS (AUTO),A
HUMAN SERVICE SPECIALIST II,A
COMMISSIONER OF BUS AFAIRS AND CONSUMER PROT,AB
BENEFITS MANAGER,A
PARAMEDIC I/C,A
INVESTIGATOR - ETHICS,C
MANAGER OF CUSTOMER  SERVICES,A
REHABILITATION CONSTRUCTION SPECIALIST,A
EXECUTIVE DIR - POLICE BOARD,A
EXECUTIVE SECRETARY II,C
INVESTIGATOR - IPRA I,A
CHIEF STOREKEEPER,C
DIR OF FACILITIES MANAGEMENT,A
SUPERVISING ENFORCEMENT TECH,C
LIEUTENANT,A
COORD OF SPECIAL PROJECTS,A
PERSONNEL ASSISTANT,C
COORD OF SPECIAL EVENTS LIAISON,AB
PRINCIPAL STOREKEEPER,C
SUPVSR OF COMPENSATION,A
CUSTODIAL WORKER - PART TIME,C
FOREMAN OF LINEMEN,A
PR TELECOMMUNICATIONS SPECIALIST,A
ASST CHIEF LABOR NEGOTIATOR,AB
PUBLIC HEALTH ADMINISTRATOR I,C
OPERATIONS MANAGER-AIRPORT PARKING,A
DIRECTOR OF FINANCE,A
DIR OF ADMINISTRATION,A
CHIEF CONSUMER SERVICE INVESTIGATOR,A
INVESTIGATOR I - IG,C
ANIMAL CONTROL OFFICER,C
SUPERVISING BUDGET ANALYST,A
REVENUE INVESTIGATOR I,A
ACCOUNTING TECHNICIAN III,C
POLICE OFFICER (ASSIGNED AS SECURITY SPECIALIST),A
MANAGING DEPUTY CHIEF INFORMATION OFFICER,A
FIRST DEPUTY BUDGET DIR,AB
ASST DISTRICT SUPERINTENDENT,A
FIRST DEPUTY DIR,AB
SUPVR OF POLLING-ELECTIONS,A
CITY CLERK,AB
PROGRAMMER/ANALYST PER AGRMNT,A
COORD OF STREET PERMITS,C
ACCOUNTANT II,A
CONTRACTS DEVELOPMENT SPECIALIST,A
LIBRARIAN I,C
MARINE PILOT - FIRE BOAT,A
ASST GENERAL SUPT OF STREETS AND SANITATION,A
SUPVSR OF ACCOUNTING,A
SUPVSR OF 311 OPERATIONS,A
HUMAN RELATIONS INVESTIGATOR III,A
TELEPHONE SYSTEMS ADMINISTRATOR,A
CONTRACTS REVIEW SPECIALIST II,C
SUPVSR OF ANIMAL CONTROL OFFICERS,C
HR RECORDS SPECIALIST,C
BOILER MAKER WELDER,A
PRINCIPAL SYSTEMS PROGRAMMER,A
SENIOR AIR MASK TECHNICIAN,A
CEMENT FINISHER,A
DIR OF PUBLIC INFORMATION,A
SHIFT SUPVSR OF AIRPORT GROUND TRANSPORTATION,C
POLICE OFFICER / FLD TRNG OFFICER,A
ACCOUNTING TECHNICIAN II,C
SERGEANT AT ARMS,A
ASST CHIEF ENGINEER,A
STUDENT INTERN - CITY CLERK,C
VETERINARIAN,A
CHIEF PROGRAMMER/ANALYST,A
MANAGER OF DATA ENTRY OPERATORS,C
DIR OF 311 CITY SERVICES,AB
CHIEF ADMINISTRATOR,AB
ANIMAL PLACEMENT COORD,C
PRODUCTION ASST,C
LABORER,C
ASST ZONING ADMINISTRATOR,A
COMMANDER-PARAMEDIC,AB
PROJECT COORD,C
POLICE OFFICER (PER ARBITRATION AWARD),A
SENIOR FISCAL POLICY ANALYST,A
DEPUTY COMPTROLLER,A
ENVIRONMENTAL ENGINEER II,A
PARKING INVESTIGATOR,C
SUPVSR OF AUDITING,A
SUPERVISING PHYSICIAN,AB
ELECTRICAL MECHANIC (AUTOMOTIVE),A
COMMANDER-EMT,AB
DEPUTY CHIEF ADMINISTRATIVE OFFICER,A
SUPERVISING CONSUMER INVESTIGATOR,A
ENGINEERING TECHNICIAN V,A
SOCIAL WORKER III,A
EMERGENCY MANAGEMENT COORD,C
MANAGING DEPUTY PROCUREMENT OFFICER,AB
FORENSIC FIREARM/EVIDENCE IDENT TECH,A
SUPERVISING BOOTER - PARKING,C
MANAGER OF REGULATORY REVIEW,A
RESIDENT SERVICES COORD I,C
ASST DEPUTY CHIEF PARAMEDIC,AB
PUBLIC HEALTH AIDE,C
PROGRAM AUDITOR II,A
ASST CNCL COMM SEC,C
IRON INSPECTOR,A
FAA FIRE TRAINING SPECIALIST,A
ZONING PLAN EXAMINER,C
INTAKE AIDE,C
SR PROCUREMENT SPECIALIST,A
TRAFFIC CONTROL AIDE-HOURLY,C
SHOP LABORER,A
POLLING PLACE INVESTIGATOR I,C
GIS DATA BASE ANALYST,A
MANAGER OF 311 OPERATIONS,A
SUPERINTENDENT OF SPECIAL TRAFFIC SERVICES,A
POLICE LEGAL OFFICER II,A
ADMINISTRATIVE ASST - O'HARE,A
PLUMBER,A
ASST BUDGET DIR,A
CHIEF DATA BASE ANALYST,A
SAFETY SPECIALIST,C
DISABILITY SPECIALIST I,C
AVIATION SECURITY SERGEANT,C
AUDIO-VISION TESTER,C
STUDIO EQUIPMENT ENGINEER,C
CHIEF BUILDING/CONSTRUCT INSPECTOR,A
ASST DEPUTY FIRE COMMISSIONER,AB
DIR OF GRANTS MANAGEMENT,A
AIRPORT FACILITIES MANAGER,C
LIBRARY ASSOCIATE,C
ASSISTANT DIRECTOR OF FINANCE,A
EXECUTIVE DIR OF ANIMAL CARE AND CONTROL,AB
PROGRAM COORD - SPECIAL EVENTS,A
CHIEF SANITARIAN,A
SENIOR LIBRARY CLERK - HOURLY,C
SECRETARY TO CHAIRMAN II,C
ASPHALT LABORER,A
COORDINATING PLANNER II,A
ELECTRONICS TECHNICIAN,A
CITY PROSECUTOR,AB
ENVIRONMENTAL POLICY ANALYST,C
POLICE OFFICER (ASGND AS MOUNTED PATROL OFFICER),A
AUTO POUND SUPVSR,A
FOREMAN OF STATION LABORERS,C
COORD OF INVESTIGATIONS,A
DIR OF LICENSE ISSUANCE,A
MANAGER OF TELECOMMUNICATIONS,A
LABORER (BUREAU OF ELECTRICITY),A
ASST DIR,A
SUPERINTENDENT OF ELECTRICAL OPERATIONS,A
OPERATIONS ANALYST,C
ELECTRICAL ENGINEER IV,A
PROCESS SERVER,C
COORDINATING ARCHITECT II,A
SHIFT SUPVSR OF AVIATION SECURITY,A
WATER QUALITY INSPECTOR,C
ASST COMPTROLLER,A
PROCUREMENT SPECIALIST,C
SUPRVNG BUILDING/CONTRUCT INSPECTOR,A
MANAGER OF MAPS AND PLATS,C
FINANCIAL ANALYST,A
PROGRAM AIDE,C
DEPUTY PROCUREMENT OFFICER/CONTR COMPLIANCE,A
CHIEF ASST CORPORATION COUNSEL,A
BATTALION CHIEF,AB
DATA ENTRY OPERATOR,C
HEAD LIBRARY CLERK,C
SPECIAL EVENTS COORD I,C
DIR OF SPECIAL EVENTS,A
ASST CHIEF ADMINISTRATIVE OFFICER,A
DIR OF EMS COMPLIANCE,A
ELECTRICAL MECHANIC-AUTO-POLICE MTR MNT,A
STEAMFITTER,A
STAFF ASST,C
TESTING SPECIALIST,C
FIELD SUPVSR I - PARKING ENFORCEMENT,C
HUMAN RELATIONS INVESTIGATOR II,A
ASST MANAGER OF POLICE PAYROLLS,A
CHIEF SYSTEMS PROGRAMMER,A
PUBLIC HEALTH NUTRITIONIST I,C
INVESTIGATOR SPECIALIST,A
DIR OF HOMELESS PREVENTION-POLICY & PLANNING,A
PHYSICIAN,AB
MANAGER OF POLICE PERSONNEL,A
DISTRICT CLERK,C
GENERAL FOREMAN OF ELECTRICAL MECHANICS,A
SPECIAL EVENTS COORD II,C
SUPERVISING FIRE MARSHAL-EMT,A
FIREFIGHTER,A
MANAGER - AVIATION ID BADGING OPERATIONS,C
COMMUNICATIONS OPERATOR I - 311,C
SENIOR ADMINISTRATIVE LAW OFFICER,A
GENERAL MANAGER OF GROUNDS AND TERMINAL FACILITIES,A
SUPVSR OF WATER RATE TAKERS,A
SUPERVISING WATCHMAN - AGREEMENT,A
FOREMAN OF STEAMFITTERS,A
ASST SPECIALIST IN DISABILITY,C
HOSPITALITY WORKER,C
EXEC ADMINISTRATIVE ASST I,C
GENERAL LABORER - AVIATION,C
ELECTION EQUIPMENT & SUPPLY SPEC I,C
DIR OF RESEARCH AND PLANNING,A
WATER CHEMIST IV,A
SENIOR DATA BASE ANALYST,A
WATER CHEMIST II,C
ADMINISTRATIVE ASST III - EXCLUDED,C
DIR OF LIBRARY - PROGRAMS AND EXHIBITS,A
PAYROLL ADMINISTRATOR,A
LIBRARIAN I - HOURLY,C
SPONSORSHIP COORDINATOR,A
STUDENT INTERN,C
PROGRAM AUDITOR I,A
SIGN HANGER,C
